{
  "training_timestamp": "2025-09-16T00:55:10.833010",
  "training_duration": "0:49:04.687368",
  "data_size": {
    "training": 326249,
    "testing": 81563
  },
  "models_trained": [
    "randomforest",
    "gradient_boosting"
  ],
  "individual_results": {
    "randomforest": {
      "model_type": "randomforest",
      "training_data_size": 326249,
      "feature_count": 8,
      "training_metrics": {
        "overall": {
          "mae": 27075986.149234384,
          "rmse": 143226773.46236014,
          "r2": 0.9841524152848145
        },
        "by_category": {
          "재료비": {
            "mae": 61050414.23321097,
            "rmse": 243012062.71001872,
            "r2": 0.9878579486800299
          },
          "인건비": {
            "mae": 13386899.982945768,
            "rmse": 59869509.798683144,
            "r2": 0.9907123184468287
          },
          "임대료": {
            "mae": 3476469.2931254623,
            "rmse": 16537462.618220486,
            "r2": 0.9971450599477479
          },
          "기타": {
            "mae": 30390161.08765534,
            "rmse": 138357963.4491314,
            "r2": 0.9608943340646514
          }
        }
      },
      "validation_metrics": {
        "overall": {
          "mae": 33785880.43759616,
          "rmse": 189268929.56100044,
          "r2": 0.9734984273733795
        },
        "by_category": {
          "재료비": {
            "mae": 76128215.12396528,
            "rmse": 328217122.59949434,
            "r2": 0.9790210356384796
          },
          "인건비": {
            "mae": 16934788.88971689,
            "rmse": 77117984.30324045,
            "r2": 0.9831806830987037
          },
          "임대료": {
            "mae": 4434787.08179984,
            "rmse": 20843518.05737811,
            "r2": 0.9952740397585033
          },
          "기타": {
            "mae": 37645730.65490262,
            "rmse": 170829726.5500744,
            "r2": 0.9365179509978316
          }
        }
      },
      "cross_validation": {
        "mae_scores": "[32622690.60297259 33113844.51958554 32329204.30031801 32883365.24322235\n 33757520.02115391]",
        "mae_mean": 32941324.93745048,
        "mae_std": 484874.470465987
      },
      "is_trained": true
    },
    "gradient_boosting": {
      "model_type": "gradient_boosting",
      "training_data_size": 326249,
      "feature_count": 8,
      "training_metrics": {
        "overall": {
          "mae": 28135211.74364436,
          "rmse": 120104847.76718953,
          "r2": 0.9906300142967763
        },
        "by_category": {
          "재료비": {
            "mae": 63955405.05532956,
            "rmse": 211915500.22119248,
            "r2": 0.9907665957936349
          },
          "인건비": {
            "mae": 13805849.596315747,
            "rmse": 44455876.8420505,
            "r2": 0.9948790059276039
          },
          "임대료": {
            "mae": 3602436.4585075243,
            "rmse": 11075562.670848006,
            "r2": 0.9987194668077127
          },
          "기타": {
            "mae": 31177155.86442462,
            "rmse": 103409504.01413505,
            "r2": 0.9781549886581534
          }
        }
      },
      "validation_metrics": {
        "overall": {
          "mae": 33830786.77857788,
          "rmse": 197049954.9203221,
          "r2": 0.9697692653057008
        },
        "by_category": {
          "재료비": {
            "mae": 75824860.31394811,
            "rmse": 337852865.1377966,
            "r2": 0.9777711604977188
          },
          "인건비": {
            "mae": 17019575.143078234,
            "rmse": 82083944.7504909,
            "r2": 0.9809448025574726
          },
          "임대료": {
            "mae": 4498427.642471796,
            "rmse": 23331206.740957852,
            "r2": 0.9940786269603511
          },
          "기타": {
            "mae": 37980284.01481339,
            "rmse": 184087102.37492132,
            "r2": 0.926282471207261
          }
        }
      },
      "cross_validation": {
        "mae_scores": "[32717483.05536878 33080938.19768635 32524740.02124235 33020844.15693943\n 33868215.97267741]",
        "mae_mean": 33042444.280782867,
        "mae_std": 459883.62277689663
      },
      "is_trained": true
    }
  },
  "best_model": "randomforest",
  "model_comparison": {
    "performance_ranking": [
      {
        "rank": 1,
        "model": "randomforest",
        "validation_mae": 33785880.43759616,
        "validation_r2": 0.9734984273733795
      },
      {
        "rank": 2,
        "model": "gradient_boosting",
        "validation_mae": 33830786.77857788,
        "validation_r2": 0.9697692653057008
      }
    ],
    "metric_comparison": {
      "mae": {
        "randomforest": 33785880.43759616,
        "gradient_boosting": 33830786.77857788
      },
      "r2": {
        "randomforest": 0.9734984273733795,
        "gradient_boosting": 0.9697692653057008
      }
    }
  }
}